,reference,adcl_1,adcl_2,prichness,edpl_1,edpl_2,bcd,sensitivity,community
0,A,76.36363636363636,0.079026,80.9090909090909,0.2950735,0.0903133,0.0,3.52104,CC11CM0
1,B,47.27272727272727,0.08582100000000001,75.45454545454545,0.24699425000000003,0.061846800000000014,0.0,3.02461,CC11CM0
2,C,21.818181818181817,0.13231600000000002,56.36363636363637,0.36727975,0.09397009999999999,0.0,2.01612,CC11CM0
3,D,3.6363636363636362,0.14741600000000002,50.0,0.42937925,0.0484584,0.032522825360805065,0.866728,CC11CM0
4,E,1.8181818181818181,0.1615295,56.36363636363637,0.12309175000000001,0.0669421,0.0,0.247681,CC11CM0
0,A,67.12328767123287,0.0674265,73.28767123287672,0.12999575,0.0948248,0.01265256565914755,3.53484,CC11CM1
1,B,39.726027397260275,0.108488,73.97260273972603,0.11426125,0.0517533,0.01265256565914755,2.95072,CC11CM1
2,C,19.17808219178082,0.128631,61.64383561643836,0.23154550000000002,0.07033465,0.01265256565914755,2.18432,CC11CM1
3,D,5.47945205479452,0.13159300000000002,65.75342465753425,0.255716,0.0704434,0.02596141395830636,0.83886,CC11CM1
4,E,1.36986301369863,0.2031575,45.205479452054796,0.101917,0.06281315,0.01757277397260274,0.217677,CC11CM1
0,A,82.5,0.157506,72.5,0.361655,0.04327235,0.0021957127011793466,3.36317,CC11CM2
1,B,50.0,0.1025595,62.5,0.13085175,0.07468155000000001,0.0021957127011793466,2.86013,CC11CM2
2,C,20.0,0.111148,57.5,0.27062,0.08779925,0.0021957127011793466,2.02162,CC11CM2
3,D,5.0,0.1102525,72.5,0.137699,0.0497184,0.0021957127011793466,0.869733,CC11CM2
4,E,2.5,0.15676500000000002,38.75,0.101917,0.0643917,0.0021957127011793466,0.243896,CC11CM2
0,A,74.57627118644068,0.058740999999999995,71.1864406779661,0.138389,0.04811145,0.009952013352806176,3.51643,CC11CM3
1,B,40.67796610169491,0.080635,65.2542372881356,0.181908,0.052673975,0.009952013352806176,3.00732,CC11CM3
2,C,22.033898305084747,0.127713,65.2542372881356,0.25866100000000003,0.043566475,0.009952013352806176,2.20913,CC11CM3
3,D,6.779661016949152,0.13003299999999998,67.79661016949153,0.172982,0.06542235,0.009952013352806176,0.8642559999999999,CC11CM3
4,E,1.694915254237288,0.18468299999999999,46.610169491525426,,0.0586339,0.009952013352806176,0.234243,CC11CM3
0,A,71.15384615384616,0.068275,70.1923076923077,,0.044971275,0.006172713753132194,3.4332199999999995,CC11CM4
1,B,46.15384615384615,0.099102,75.0,0.114978,0.053158250000000004,0.006172713753132194,3.05337,CC11CM4
2,C,23.076923076923077,0.1045055,64.42307692307692,0.23005550000000002,0.08382015,0.01157194060419867,2.20913,CC11CM4
3,D,5.769230769230769,0.13120199999999999,66.34615384615384,0.2407865,0.0509468,0.006172713753132194,0.8895129999999999,CC11CM4
4,E,1.9230769230769231,0.182,48.07692307692308,,0.05790024999999999,0.006172713753132194,0.219864,CC11CM4
0,A,78.68852459016394,0.063715,74.59016393442623,0.103866,0.05360222500000002,0.0,3.41338,CC11CM5
1,B,45.90163934426229,0.09864400000000001,67.21311475409836,0.118302,0.04887274999999999,0.0,2.94763,CC11CM5
2,C,19.672131147540984,0.101341,68.85245901639344,0.18762099999999998,0.0627813,0.0,2.12361,CC11CM5
3,D,1.639344262295082,0.1246765,74.59016393442623,0.12082099999999998,0.04682215,0.0,0.891134,CC11CM5
4,E,0.0,0.19269,50.0,0.101917,0.05357345000000001,0.034870094908311604,0.24543,CC11CM5
0,A,70.37037037037037,0.071341,68.51851851851852,0.30304074999999997,0.051316175000000006,0.0,3.25407,CC11CM6
1,B,38.888888888888886,0.097577,63.888888888888886,0.19270849999999998,0.072378,0.0,2.7801400000000003,CC11CM6
2,C,18.51851851851852,0.1166075,54.629629629629626,0.279871,0.05801624999999999,0.0,1.9037,CC11CM6
3,D,1.8518518518518519,0.130732,57.407407407407405,0.14406275,0.059724,0.0,0.8213010000000001,CC11CM6
4,E,1.8518518518518519,0.189726,48.148148148148145,,0.04875315,0.0,0.221126,CC11CM6
0,A,65.67164179104478,0.072474,73.13432835820896,0.250022,0.058349849999999995,0.005052387460139976,3.4867,CC11CM7
1,B,38.80597014925373,0.08582100000000001,69.40298507462687,0.20967449999999999,0.0647662,0.005052387460139976,2.94813,CC11CM7
2,C,17.91044776119403,0.10411300000000001,65.67164179104478,0.156186,0.0627813,0.005052387460139976,2.17435,CC11CM7
3,D,2.985074626865672,0.138729,69.40298507462687,0.14821199999999998,0.05498105,0.005052387460139976,0.8556159999999999,CC11CM7
4,E,1.492537313432836,0.17914049999999998,52.985074626865675,0.101917,0.0565714,0.005052387460139976,0.222601,CC11CM7
0,A,70.76923076923077,0.06385,75.38461538461539,0.222194,0.0948248,0.0,3.4853400000000003,CC11CM8
1,B,41.53846153846154,0.093447,69.23076923076923,0.13085175,0.07650095000000001,0.0,2.94568,CC11CM8
2,C,12.307692307692308,0.091736,56.92307692307692,0.2414515,0.0972053,0.0,2.1808400000000003,CC11CM8
3,D,4.615384615384615,0.1306175,75.38461538461539,0.15433249999999998,0.04832832499999999,0.01232798769308579,0.8895790000000001,CC11CM8
4,E,1.5384615384615385,0.19869,48.46153846153846,0.101917,0.06468859999999999,0.01100705040513522,0.228856,CC11CM8
0,A,71.9298245614035,0.0958885,74.56140350877193,0.250022,0.057872875,0.0,3.61302,CC11CM9
1,B,50.87719298245614,0.0993485,74.56140350877193,0.20967449999999999,0.082594,0.0,3.11389,CC11CM9
2,C,21.05263157894737,0.121545,67.54385964912281,0.33681000000000005,0.08407715,0.0,2.2259900000000004,CC11CM9
3,D,5.2631578947368425,0.1419605,68.42105263157895,0.16045299999999998,0.055397125,0.0,0.903608,CC11CM9
4,E,1.7543859649122806,0.16776049999999998,56.14035087719298,0.101917,0.0557698,0.0,0.236501,CC11CM9
0,A,72.72727272727273,0.062861,68.18181818181819,0.16637749999999998,0.0576566,0.0,3.51104,CC11CM10
1,B,46.96969696969697,0.082728,65.9090909090909,0.2448935,0.06010435000000001,0.0,3.05156,CC11CM10
2,C,18.181818181818183,0.09858349999999999,66.66666666666667,0.19352350000000001,0.05351755,0.0,2.18018,CC11CM10
3,D,6.0606060606060606,0.1409665,68.93939393939394,0.12328824999999999,0.057737699999999996,0.0,0.878181,CC11CM10
4,E,0.0,0.15680349999999998,56.06060606060606,,0.05485225000000001,0.007413618561655742,0.245779,CC11CM10
0,A,67.6923076923077,0.052962999999999996,70.0,0.268681,0.06574944999999999,0.015354379068910453,3.44639,CC11CM11
1,B,41.53846153846154,0.09192900000000001,65.38461538461539,0.24699425000000003,0.061846800000000014,0.015354379068910453,2.93488,CC11CM11
2,C,24.615384615384617,0.11965799999999999,63.07692307692308,0.218291,0.05902435,0.015354379068910453,2.17424,CC11CM11
3,D,3.076923076923077,0.13003299999999998,67.6923076923077,0.140705,0.05546475,0.015354379068910453,0.900507,CC11CM11
4,E,1.5384615384615385,0.1619785,50.76923076923077,0.101917,0.0488624,0.02745983571746719,0.237034,CC11CM11
0,A,71.875,0.0957395,74.21875,0.13559125000000002,0.05612545000000001,0.007804392046162148,3.5725300000000004,CC11CM12
1,B,40.625,0.110448,68.75,0.2237065,0.058491524999999996,0.007804392046162148,3.02328,CC11CM12
2,C,20.3125,0.111029,64.0625,0.145788,0.0627813,0.007804392046162148,2.22683,CC11CM12
3,D,4.6875,0.138466,60.9375,0.159536,0.051630350000000005,0.010016121483176451,0.908349,CC11CM12
4,E,1.5625,0.152062,53.125,0.12144500000000001,0.0562798,0.008369504267824136,0.248668,CC11CM12
0,A,58.73015873015873,0.06252650000000001,76.19047619047619,0.268681,0.056009400000000015,0.0,3.5772,CC11CM13
1,B,44.44444444444444,0.097577,63.492063492063494,0.2132755,0.05478490000000001,0.0,3.07019,CC11CM13
2,C,20.634920634920636,0.133281,61.111111111111114,0.33681000000000005,0.080352575,0.0,2.17757,CC11CM13
3,D,4.761904761904762,0.130847,59.523809523809526,0.14632299999999998,0.0687481,0.0,0.862057,CC11CM13
4,E,0.0,0.154305,52.38095238095238,0.103832,0.04648965,0.0029318757722351365,0.228992,CC11CM13
0,A,73.77049180327869,0.08455599999999999,72.95081967213115,0.3058385,0.05265945000000001,0.0,3.42242,CC11CM14
1,B,36.0655737704918,0.097577,66.39344262295081,0.163099,0.06265175,0.0,2.9208,CC11CM14
2,C,19.672131147540984,0.127861,62.295081967213115,0.29773550000000004,0.08920415,0.0,2.1570400000000003,CC11CM14
3,D,3.278688524590164,0.140681,54.09836065573771,0.27850775,0.0523139,0.0,0.836132,CC11CM14
4,E,1.639344262295082,0.188609,57.377049180327866,0.11173499999999999,0.06364905,0.0,0.229922,CC11CM14
0,A,70.76923076923077,0.070518,69.23076923076923,0.19017050000000002,0.057930899999999994,0.00014311123832110072,3.4279300000000004,CC11CM15
1,B,44.61538461538461,0.0992365,66.92307692307692,0.16300699999999999,0.08173027499999999,0.00014311123832110072,2.96055,CC11CM15
2,C,16.923076923076923,0.1237595,60.76923076923077,0.147971,0.08768989999999999,0.00014311123832110072,2.08905,CC11CM15
3,D,3.076923076923077,0.141594,63.84615384615385,0.343105,0.053879474999999996,0.05263157894736842,0.8679879999999999,CC11CM15
4,E,0.0,0.21051399999999998,46.15384615384615,0.101917,0.06698535,0.00014311123832110072,0.205228,CC11CM15
0,A,70.76923076923077,0.054387,71.53846153846153,0.12948150000000003,0.047114100000000006,0.0,3.30298,CC11CM16
1,B,40.0,0.085333,64.61538461538461,0.1599445,0.07929425,0.0,2.79358,CC11CM16
2,C,20.0,0.1237595,64.61538461538461,0.170178,0.0878357,0.0,2.04162,CC11CM16
3,D,7.6923076923076925,0.148559,65.38461538461539,0.14821199999999998,0.0479381,0.005681818181818182,0.830277,CC11CM16
4,E,0.0,0.203182,46.15384615384615,0.101917,0.0585473,0.0383860552472197,0.213024,CC11CM16
0,A,85.71428571428571,0.093214,80.95238095238095,0.361655,0.0440691,0.010543088017713215,3.52966,CC11CM17
1,B,46.03174603174603,0.07460349999999999,65.07936507936508,0.1266685,0.05999285,0.010543088017713215,3.00335,CC11CM17
2,C,26.984126984126984,0.11311500000000001,63.492063492063494,0.347279,0.08109119999999999,0.010543088017713215,2.22939,CC11CM17
3,D,3.1746031746031744,0.125399,65.07936507936508,0.14821199999999998,0.047775099999999994,0.010543088017713215,0.845216,CC11CM17
4,E,1.5873015873015872,0.180722,46.82539682539682,0.101917,0.0595886,0.010543088017713215,0.226941,CC11CM17
0,A,68.42105263157895,0.0660625,65.78947368421052,0.13004725,0.0591619,0.0,3.45961,CC11CM18
1,B,42.10526315789474,0.085333,64.03508771929825,0.10437,0.05640455,0.0,3.01051,CC11CM18
2,C,19.29824561403509,0.114246,57.89473684210526,0.1448315,0.055579550000000005,0.0,2.10699,CC11CM18
3,D,1.7543859649122806,0.14003,61.40350877192982,0.32815575,0.0661154,0.0,0.8575799999999999,CC11CM18
4,E,0.0,0.204038,43.85964912280702,0.101917,0.06629145,0.008099323837093858,0.210521,CC11CM18
0,A,69.6969696969697,0.058437499999999996,65.15151515151516,0.162738,0.051448900000000006,0.0012193634922570418,3.5145,CC11CM19
1,B,37.878787878787875,0.095206,62.878787878787875,0.1599445,0.0682082,0.0012193634922570418,3.03939,CC11CM19
2,C,19.696969696969695,0.10411300000000001,65.15151515151516,0.201722,0.06903327499999999,0.0012193634922570418,2.26111,CC11CM19
3,D,3.0303030303030303,0.1336465,62.121212121212125,0.1399135,0.059724,0.03021685033771774,0.879448,CC11CM19
4,E,0.0,0.164566,56.06060606060606,0.101917,0.061358350000000006,0.0016672088484059858,0.251267,CC11CM19
0,A,73.21428571428571,0.068275,70.53571428571429,0.245842,0.061475199999999994,0.001822903406487092,3.3718800000000004,CC11CM20
1,B,42.857142857142854,0.069814,71.42857142857143,0.12752775,0.051479250000000004,0.001822903406487092,3.00156,CC11CM20
2,C,28.571428571428573,0.132581,64.28571428571429,0.279871,0.08702825,0.001822903406487092,2.1370400000000003,CC11CM20
3,D,5.357142857142857,0.14688900000000002,63.392857142857146,0.311693,0.05166285000000002,0.001822903406487092,0.871919,CC11CM20
4,E,0.0,0.19337700000000002,50.0,,0.0574669,0.0069192818686155295,0.226317,CC11CM20
0,A,70.49180327868852,0.0415695,72.1311475409836,0.315168,0.05432000000000002,0.0,3.40052,CC11CM21
1,B,42.622950819672134,0.091679,68.0327868852459,0.13089825,0.05740685,0.0,2.95021,CC11CM21
2,C,22.950819672131146,0.107564,56.557377049180324,0.24962250000000002,0.088841,0.0,2.09863,CC11CM21
3,D,3.278688524590164,0.13120199999999999,73.77049180327869,0.15312725,0.04328335,0.0,0.8483149999999999,CC11CM21
4,E,0.0,0.215959,52.459016393442624,0.10335325,0.06008010000000001,0.0,0.224185,CC11CM21
0,A,71.01449275362319,0.055708499999999994,73.91304347826087,0.138389,0.057028175,0.0066293657113898905,3.5612800000000004,CC11CM22
1,B,40.57971014492754,0.091956,65.94202898550725,0.20130800000000001,0.065444,0.0066293657113898905,3.09218,CC11CM22
2,C,13.043478260869565,0.098784,57.971014492753625,0.20722799999999997,0.08588849999999999,0.0066293657113898905,2.24034,CC11CM22
3,D,2.898550724637681,0.135518,63.04347826086956,0.19180775,0.07110287500000001,0.0066293657113898905,0.8477450000000001,CC11CM22
4,E,0.0,0.204297,47.10144927536232,,0.061936099999999994,0.03274409524011629,0.223018,CC11CM22
0,A,69.84126984126983,0.059324,65.07936507936508,0.108259,0.05519972500000001,0.0,3.62578,CC11CM23
1,B,44.44444444444444,0.058787,59.523809523809526,0.142237,0.08447255000000001,0.0,3.15347,CC11CM23
2,C,23.80952380952381,0.09391050000000001,65.87301587301587,0.201722,0.07275785,0.0,2.31397,CC11CM23
3,D,1.5873015873015872,0.1410005,60.317460317460316,0.3178335,0.0629197,0.0,0.902003,CC11CM23
4,E,1.5873015873015872,0.146342,52.38095238095238,0.101917,0.0562798,0.0,0.261133,CC11CM23
0,A,62.96296296296296,0.065448,68.51851851851852,0.250022,0.05649360000000001,0.0,3.48187,CC11CM24
1,B,38.888888888888886,0.07585800000000001,64.81481481481481,0.13085175,0.06656075,0.0,2.9121,CC11CM24
2,C,14.814814814814815,0.0805315,53.7037037037037,0.20722799999999997,0.08858045,0.0,2.0727900000000004,CC11CM24
3,D,5.555555555555555,0.14688900000000002,62.96296296296296,0.260702,0.06335444999999999,0.0,0.836074,CC11CM24
4,E,0.0,0.1823505,50.0,,0.0627186,0.010436775438994931,0.23585,CC11CM24
0,A,70.6896551724138,0.06385,66.37931034482759,0.250022,0.065675075,0.00042901795746593386,3.35314,CC11CM25
1,B,44.827586206896555,0.0847935,66.37931034482759,0.13085175,0.06984979999999999,0.00042901795746593386,2.96433,CC11CM25
2,C,17.24137931034483,0.1008125,55.172413793103445,0.29773550000000004,0.0670673,0.00042901795746593386,2.13947,CC11CM25
3,D,5.172413793103448,0.14033900000000002,70.6896551724138,0.401837,0.05579555000000001,0.008609326083374527,0.849799,CC11CM25
4,E,1.7241379310344827,0.21667600000000006,46.55172413793103,0.103832,0.0627186,0.03287177161659091,0.219496,CC11CM25
0,A,74.6268656716418,0.09826499999999999,70.14925373134328,0.3058385,0.052991800000000006,0.00800465121107985,3.51907,CC11CM26
1,B,49.25373134328358,0.1025595,68.65671641791045,0.13085175,0.04180545000000001,0.00800465121107985,3.02047,CC11CM26
2,C,23.880597014925375,0.124372,58.208955223880594,0.25866100000000003,0.0890997,0.00800465121107985,2.20076,CC11CM26
3,D,1.492537313432836,0.12984,65.67164179104478,0.11589325,0.044685,0.00800465121107985,0.89654,CC11CM26
4,E,0.0,0.154305,50.0,0.10335325,0.0566958,0.00800465121107985,0.227641,CC11CM26
0,A,75.38461538461539,0.06378249999999999,76.15384615384616,0.361655,0.06087210000000001,0.0,3.54191,CC11CM27
1,B,47.69230769230769,0.08557700000000001,72.3076923076923,0.13085175,0.06648155,0.0,3.05586,CC11CM27
2,C,23.076923076923077,0.11311500000000001,66.15384615384616,0.1535865,0.08274087499999999,0.0,2.19131,CC11CM27
3,D,4.615384615384615,0.141604,63.84615384615385,0.168843,0.09657505,0.0,0.894135,CC11CM27
4,E,1.5384615384615385,0.151691,50.76923076923077,0.101917,0.054170225,0.0,0.24475500000000006,CC11CM27
0,A,78.33333333333333,0.06385,70.0,0.361655,0.05705149999999999,0.0023358690259632875,3.50145,CC11CM28
1,B,55.0,0.085333,68.33333333333333,0.13085175,0.0720722,0.0023358690259632875,2.9889,CC11CM28
2,C,21.666666666666668,0.093275,65.83333333333333,0.222507,0.08093215000000001,0.0023358690259632875,2.1822,CC11CM28
3,D,8.333333333333334,0.128631,65.83333333333333,0.26765249999999996,0.080123,0.0023358690259632875,0.886843,CC11CM28
4,E,1.6666666666666667,0.19406400000000001,42.5,0.124277,0.05715459999999999,0.0023358690259632875,0.22799,CC11CM28
0,A,73.6842105263158,0.065881,73.6842105263158,0.138389,0.102006525,0.005981035740335521,3.32484,CC11CM29
1,B,40.35087719298246,0.0920415,68.42105263157895,0.24281100000000003,0.055436,0.005981035740335521,2.86248,CC11CM29
2,C,22.80701754385965,0.126824,61.40350877192982,0.23044275000000003,0.0650629,0.005981035740335521,2.11765,CC11CM29
3,D,1.7543859649122806,0.1302625,62.280701754385966,0.161107,0.05908825,0.007892429114294067,0.838894,CC11CM29
4,E,1.7543859649122806,0.187871,50.87719298245614,,0.0532122,0.007419156240543445,0.230918,CC11CM29
0,A,73.84615384615384,0.079026,74.61538461538461,0.3058385,0.059599625,0.0,3.55547,CC11CM30
1,B,47.69230769230769,0.1025595,76.92307692307692,0.13085175,0.0780545,0.0,3.08853,CC11CM30
2,C,16.923076923076923,0.128623,63.84615384615385,0.205698,0.09720435,0.0,2.21045,CC11CM30
3,D,3.076923076923077,0.13003299999999998,69.23076923076923,0.35805525,0.06808992500000001,0.0,0.851249,CC11CM30
4,E,1.5384615384615385,0.231499,46.15384615384615,0.101917,0.067163125,0.0,0.21203400000000006,CC11CM30
0,A,70.6896551724138,0.059886,69.82758620689656,0.13085650000000001,0.05757157499999999,0.0,3.59116,CC11CM31
1,B,50.0,0.076048,68.96551724137932,,0.06825039999999999,0.0,3.07226,CC11CM31
2,C,17.24137931034483,0.0986345,59.48275862068966,0.224242,0.0651027,0.0,2.12716,CC11CM31
3,D,3.4482758620689653,0.12881599999999999,60.3448275862069,0.260702,0.08405119999999999,0.0,0.880649,CC11CM31
4,E,1.7241379310344827,0.178779,51.724137931034484,0.126934,0.0634602,0.0017642207676970133,0.238683,CC11CM31
0,A,70.96774193548387,0.0608235,72.58064516129032,0.163308,0.061376799999999995,0.001739448869358235,3.45729,CC11CM32
1,B,41.935483870967744,0.065417,72.58064516129032,0.10500599999999999,0.0766455,0.001739448869358235,2.95548,CC11CM32
2,C,19.35483870967742,0.10682050000000001,55.645161290322584,0.15273499999999998,0.06845195000000001,0.001739448869358235,2.1093,CC11CM32
3,D,3.225806451612903,0.13300499999999998,75.0,0.24632800000000002,0.0416436,0.010455678798263885,0.8807940000000001,CC11CM32
4,E,0.0,0.2330845,49.193548387096776,0.101917,0.0669421,0.008985563672503355,0.210516,CC11CM32
0,A,74.57627118644068,0.079385,61.86440677966102,0.250022,0.0640454,0.0001955235400051453,3.30019,CC11CM33
1,B,49.152542372881356,0.10676749999999999,71.1864406779661,0.17235475,0.08372195000000002,0.0001955235400051453,2.8591900000000003,CC11CM33
2,C,22.033898305084747,0.1199615,59.32203389830509,0.212327,0.052952075,0.0001955235400051453,2.05785,CC11CM33
3,D,1.694915254237288,0.12668649999999998,68.64406779661017,0.14821199999999998,0.05179095,0.06804246060526142,0.8735360000000001,CC11CM33
4,E,0.0,0.21975,44.067796610169495,,0.0643395,0.0001955235400051453,0.224109,CC11CM33
0,A,75.86206896551724,0.055806999999999995,68.96551724137932,0.268681,0.0612956,0.010692788366246255,3.62049,CC11CM34
1,B,46.55172413793103,0.09864400000000001,68.96551724137932,0.20967449999999999,0.07468155000000001,0.010692788366246255,3.09135,CC11CM34
2,C,18.96551724137931,0.08960800000000001,65.51724137931035,0.21308074999999999,0.0900148,0.010692788366246255,2.23995,CC11CM34
3,D,3.4482758620689653,0.121806,65.51724137931035,0.19170625000000002,0.08019224999999999,0.010692788366246255,0.901659,CC11CM34
4,E,1.7241379310344827,0.152062,57.758620689655174,0.101917,0.0525585,0.010692788366246255,0.249913,CC11CM34
0,A,81.48148148148148,0.11746400000000001,68.51851851851852,0.268681,0.061475199999999994,0.0,3.66815,CC11CM35
1,B,50.0,0.11206500000000001,63.888888888888886,0.20967449999999999,0.0636454,0.0,3.09228,CC11CM35
2,C,20.37037037037037,0.126958,59.25925925925926,0.305737,0.084816,0.0,2.23962,CC11CM35
3,D,1.8518518518518519,0.139435,62.96296296296296,0.24360325,0.0509468,0.0,0.8460989999999999,CC11CM35
4,E,1.8518518518518519,0.12870499999999999,49.074074074074076,,0.0506546,0.0,0.254076,CC11CM35
0,A,71.9298245614035,0.07967199999999999,73.6842105263158,0.13085650000000001,0.05516470000000002,0.008075606704511379,3.2420400000000003,CC11CM36
1,B,47.36842105263158,0.0768755,73.6842105263158,0.284314,0.05341030000000002,0.008075606704511379,2.8737,CC11CM36
2,C,21.05263157894737,0.127861,62.280701754385966,0.23284675,0.06785934999999998,0.008075606704511379,2.03715,CC11CM36
3,D,3.508771929824561,0.14741600000000002,68.42105263157895,0.182844,0.051811224999999995,0.008075606704511379,0.816148,CC11CM36
4,E,1.7543859649122806,0.21667400000000003,53.50877192982456,,0.058695675,0.02480763570617668,0.230751,CC11CM36
0,A,73.13432835820896,0.06618,77.61194029850746,0.250022,0.05757157499999999,0.0,3.58954,CC11CM37
1,B,40.298507462686565,0.1010045,69.40298507462687,0.20967449999999999,0.06440565,0.0,3.02449,CC11CM37
2,C,19.402985074626866,0.0994265,61.19402985074627,0.25866100000000003,0.0828243,0.0,2.25641,CC11CM37
3,D,5.970149253731344,0.128631,61.940298507462686,0.15772,0.0652267,0.0,0.8779100000000001,CC11CM37
4,E,1.492537313432836,0.12715100000000001,54.47761194029851,,0.049116275,0.00020211002869962406,0.240424,CC11CM37
0,A,58.333333333333336,0.052962999999999996,71.66666666666667,0.13148925000000003,0.057812199999999994,0.0,3.28134,CC11CM38
1,B,36.666666666666664,0.0991395,64.16666666666667,0.11426125,0.057373099999999996,0.0,2.88726,CC11CM38
2,C,18.333333333333332,0.111267,57.5,0.156186,0.07193625,0.0,2.02956,CC11CM38
3,D,5.0,0.130732,70.0,0.14821199999999998,0.0696165,0.0,0.84534,CC11CM38
4,E,0.0,0.1862045,49.166666666666664,0.101917,0.058346125,0.0,0.221317,CC11CM38
0,A,72.22222222222223,0.05744700000000001,73.14814814814815,0.268681,0.0591619,0.0,3.50246,CC11CM39
1,B,48.148148148148145,0.0887295,77.77777777777777,0.13085175,0.06406709999999999,0.0,3.0878,CC11CM39
2,C,16.666666666666668,0.08895700000000001,64.81481481481481,0.29773550000000004,0.08109119999999999,0.0,2.24737,CC11CM39
3,D,5.555555555555555,0.14843900000000002,64.81481481481481,0.323088,0.055163649999999995,0.0,0.855973,CC11CM39
4,E,1.8518518518518519,0.21921999999999997,51.851851851851855,,0.05866030000000001,0.0,0.23036,CC11CM39
0,A,71.64179104477611,0.052962999999999996,77.61194029850746,0.13559125000000002,0.058559324999999995,0.0,3.50767,CC11CM40
1,B,41.791044776119406,0.093559,64.92537313432835,0.2448935,0.058491524999999996,0.0,3.02617,CC11CM40
2,C,20.895522388059703,0.117225,58.208955223880594,0.15273499999999998,0.0627813,0.0,2.12707,CC11CM40
3,D,2.985074626865672,0.141594,63.43283582089552,0.22179900000000002,0.0661154,0.0027869423553761354,0.853834,CC11CM40
4,E,1.492537313432836,0.19197999999999998,47.76119402985075,,0.062614275,0.026989023903964408,0.243749,CC11CM40
0,A,74.19354838709677,0.063624,66.93548387096774,0.27187775000000003,0.09385234999999999,0.009273840769903762,3.64064,CC11CM41
1,B,50.0,0.085499,66.12903225806451,0.19333374999999997,0.078691325,0.009273840769903762,3.15076,CC11CM41
2,C,19.35483870967742,0.09517400000000001,59.67741935483871,0.24962250000000002,0.06864115,0.009273840769903762,2.21181,CC11CM41
3,D,4.838709677419355,0.130492,62.903225806451616,0.206474,0.09937539999999999,0.06316816654017131,0.8685450000000001,CC11CM41
4,E,0.0,0.1737665,45.96774193548387,0.10335325,0.05885725,0.009273840769903762,0.235838,CC11CM41
0,A,69.35483870967742,0.079026,75.0,0.16637749999999998,0.08085329999999999,0.013066427029427868,3.5191,CC11CM42
1,B,37.096774193548384,0.110501,69.35483870967742,0.114978,0.07885065,0.013066427029427868,3.00298,CC11CM42
2,C,11.290322580645162,0.111029,60.483870967741936,0.1544605,0.07039837499999999,0.013066427029427868,2.18452,CC11CM42
3,D,1.6129032258064515,0.14741600000000002,75.0,0.10577124999999998,0.0431059,0.023330064063771624,0.8973559999999999,CC11CM42
4,E,0.0,0.19032549999999998,54.83870967741935,,0.0625795,0.023105890698183862,0.2289,CC11CM42
0,A,74.57627118644068,0.079959,72.88135593220339,0.3058385,0.04919455000000001,0.0,3.60746,CC11CM43
1,B,40.67796610169491,0.077655,66.10169491525424,0.150334,0.098594025,0.0,3.12712,CC11CM43
2,C,22.033898305084747,0.125221,58.47457627118644,0.224242,0.08195775,0.0,2.18152,CC11CM43
3,D,3.389830508474576,0.144742,62.71186440677966,0.260702,0.051288574999999996,0.0,0.924805,CC11CM43
4,E,0.0,0.160802,53.389830508474574,0.125343,0.0579438,0.0017475017004133313,0.237742,CC11CM43
0,A,79.36507936507937,0.069879,68.25396825396825,0.138389,0.055222725000000014,0.0,3.54106,CC11CM44
1,B,46.03174603174603,0.09815499999999999,66.66666666666667,0.2448935,0.065444,0.0,3.06619,CC11CM44
2,C,25.396825396825395,0.128234,66.66666666666667,0.1792165,0.060344600000000005,0.0,2.19066,CC11CM44
3,D,4.761904761904762,0.134482,65.07936507936508,0.18328499999999998,0.04871710000000001,0.0,0.869813,CC11CM44
4,E,0.0,0.173431,52.38095238095238,,0.060610625,0.02563138827116025,0.240293,CC11CM44
0,A,60.317460317460316,0.068275,69.84126984126983,0.250022,0.0485659,0.0,3.33252,CC11CM45
1,B,31.746031746031747,0.085333,68.25396825396825,0.1267615,0.06916425,0.0,2.76072,CC11CM45
2,C,11.11111111111111,0.1122075,65.07936507936508,0.20825,0.081524475,0.0,2.01573,CC11CM45
3,D,3.1746031746031744,0.13855499999999998,65.07936507936508,0.340914,0.067516775,0.0,0.820794,CC11CM45
4,E,1.5873015873015872,0.183817,42.06349206349206,0.11916575,0.062489,0.0,0.197253,CC11CM45
0,A,76.36363636363636,0.065881,69.0909090909091,0.222194,0.0948248,4.194279003439309e-05,3.4417800000000005,CC11CM46
1,B,40.0,0.072351,72.72727272727273,0.24699425000000003,0.078691325,4.194279003439309e-05,2.9710400000000003,CC11CM46
2,C,20.0,0.1154625,67.27272727272727,0.224242,0.08077310000000001,4.194279003439309e-05,2.11665,CC11CM46
3,D,5.454545454545454,0.129332,63.63636363636363,0.256206,0.09937539999999999,4.194279003439309e-05,0.871397,CC11CM46
4,E,1.8181818181818181,0.231499,45.45454545454545,0.10335325,0.067821475,0.0058958159746026395,0.206363,CC11CM46
0,A,76.36363636363636,0.141714,75.45454545454545,0.250022,0.070408925,0.020096368550946056,3.3469900000000004,CC11CM47
1,B,38.18181818181818,0.11682499999999998,71.81818181818181,0.1266685,0.05864140000000001,0.020096368550946056,2.89759,CC11CM47
2,C,16.363636363636363,0.107571,51.81818181818182,0.29773550000000004,0.08117944999999999,0.020096368550946056,2.00248,CC11CM47
3,D,3.6363636363636362,0.155496,66.36363636363636,0.126599,0.04742959999999999,0.020096368550946056,0.8388709999999999,CC11CM47
4,E,0.0,0.182,44.54545454545455,,0.05551990000000001,0.026589396497037857,0.216042,CC11CM47
0,A,74.19354838709677,0.0528615,75.80645161290323,,0.044971275,0.0007040150189870718,3.44958,CC11CM48
1,B,41.935483870967744,0.084734,68.54838709677419,0.20130800000000001,0.07972580000000001,0.0007040150189870718,3.03146,CC11CM48
2,C,17.741935483870968,0.11881900000000001,59.67741935483871,0.2233745,0.09474489999999999,0.0007040150189870718,2.10266,CC11CM48
3,D,3.225806451612903,0.12833300000000003,65.3225806451613,0.24632800000000002,0.102711,0.0007040150189870718,0.8739809999999999,CC11CM48
4,E,0.0,0.1774465,48.38709677419355,0.101917,0.060199425,0.005595335076962655,0.225774,CC11CM48
0,A,67.24137931034483,0.058454,68.10344827586206,,0.060589124999999994,0.009466446022756474,3.42207,CC11CM49
1,B,43.10344827586207,0.095206,68.96551724137932,,0.067931975,0.009466446022756474,3.03293,CC11CM49
2,C,29.310344827586206,0.10411300000000001,70.6896551724138,0.23005550000000002,0.07293739999999999,0.02074499043818076,2.15848,CC11CM49
3,D,1.7241379310344827,0.12341500000000001,56.03448275862069,0.253958,0.090526,0.009466446022756474,0.8951680000000001,CC11CM49
4,E,1.7241379310344827,0.141324,46.55172413793103,0.101917,0.0509812,0.010505087919663344,0.258785,CC11CM49
0,A,69.84126984126983,0.07113799999999999,78.57142857142857,0.13085650000000001,0.05265945000000001,0.0019404783789856407,3.33796,CC11CM50
1,B,41.26984126984127,0.097577,73.01587301587301,0.239328,0.0522875,0.0019404783789856407,2.8326,CC11CM50
2,C,19.047619047619047,0.13089,69.04761904761905,0.18180475000000001,0.06621015000000001,0.0019404783789856407,2.05903,CC11CM50
3,D,3.1746031746031744,0.130492,66.66666666666667,0.1236785,0.0661154,0.0019404783789856407,0.808936,CC11CM50
4,E,1.5873015873015872,0.178916,53.17460317460318,,0.0562798,0.0019404783789856407,0.226973,CC11CM50
0,A,71.66666666666667,0.080716,70.83333333333333,0.250022,0.0947983,0.0,3.3605400000000003,CC11CM51
1,B,40.0,0.10927,65.0,0.20967449999999999,0.081482975,0.0,2.8531,CC11CM51
2,C,13.333333333333334,0.12488949999999999,57.5,0.23044275000000003,0.0828243,0.0,2.06557,CC11CM51
3,D,1.6666666666666667,0.13003299999999998,69.16666666666667,0.218769,0.0494299,0.0,0.874173,CC11CM51
4,E,1.6666666666666667,0.214799,53.333333333333336,0.101917,0.0587614,0.0008684185133961598,0.228739,CC11CM51
0,A,65.57377049180327,0.077235,77.04918032786885,0.13559125000000002,0.05675135000000001,0.0,3.48989,CC11CM52
1,B,39.34426229508197,0.094938,68.85245901639344,0.14079350000000002,0.067943825,0.0,2.9889900000000003,CC11CM52
2,C,16.39344262295082,0.101341,61.47540983606557,0.19482475,0.0667976,0.0,2.17406,CC11CM52
3,D,4.918032786885246,0.1543815,60.65573770491803,0.3295865,0.04897580000000002,0.05036953077109911,0.862951,CC11CM52
4,E,1.639344262295082,0.179991,54.91803278688525,0.101917,0.063123825,0.0,0.237102,CC11CM52
0,A,71.42857142857143,0.065512,65.0,0.19420550000000003,0.0836015,0.0,3.61638,CC11CM53
1,B,41.42857142857143,0.091956,66.42857142857143,0.20967449999999999,0.05960995000000001,0.0,3.06707,CC11CM53
2,C,24.285714285714285,0.104898,60.714285714285715,0.29773550000000004,0.0736068,0.0,2.27472,CC11CM53
3,D,1.4285714285714286,0.13120199999999999,58.57142857142857,0.23515625,0.0557066,0.0,0.866605,CC11CM53
4,E,1.4285714285714286,0.19269,51.42857142857143,0.116563,0.0627186,0.0,0.243668,CC11CM53
0,A,74.57627118644068,0.071327,74.57627118644068,0.3058385,0.0640212,0.007179802324985917,3.49767,CC11CM54
1,B,50.847457627118644,0.099829,71.1864406779661,0.1404365,0.07559,0.007179802324985917,2.98239,CC11CM54
2,C,32.20338983050848,0.09821099999999999,61.86440677966102,0.22087925,0.0868077,0.007179802324985917,2.17733,CC11CM54
3,D,5.084745762711864,0.129113,68.64406779661017,0.222049,0.05133865,0.007644225842811762,0.863202,CC11CM54
4,E,1.694915254237288,0.164566,59.32203389830509,,0.05790024999999999,0.007179802324985917,0.239662,CC11CM54
0,A,70.49180327868852,0.067878,64.75409836065573,0.175707,0.0514162,0.006116986086655607,3.4422,CC11CM55
1,B,42.622950819672134,0.106475,67.21311475409836,0.118302,0.0621422,0.006116986086655607,2.94783,CC11CM55
2,C,18.0327868852459,0.119031,58.19672131147541,0.1553,0.08348984999999999,0.006116986086655607,2.1514900000000003,CC11CM55
3,D,1.639344262295082,0.150015,59.83606557377049,0.3484615,0.0750283,0.006116986086655607,0.786871,CC11CM55
4,E,1.639344262295082,0.1777225,43.442622950819676,0.10980625,0.0587614,0.006116986086655607,0.212674,CC11CM55
0,A,76.47058823529412,0.10553950000000001,68.38235294117646,0.138389,0.05432000000000002,0.0,3.43082,CC11CM56
1,B,42.64705882352941,0.104432,66.17647058823529,0.24281100000000003,0.06530405000000002,0.0,2.95256,CC11CM56
2,C,22.058823529411764,0.107564,59.55882352941177,0.170178,0.0868621,0.0,2.15527,CC11CM56
3,D,5.882352941176471,0.1302625,67.6470588235294,0.25323925,0.05818090000000001,0.0,0.8854569999999999,CC11CM56
4,E,1.4705882352941178,0.203182,47.05882352941177,0.101917,0.06179835,0.02988593640476645,0.223447,CC11CM56
0,A,63.63636363636363,0.06363250000000001,72.72727272727273,0.138389,0.0927982,0.012400133155792277,3.41529,CC11CM57
1,B,37.878787878787875,0.094938,66.66666666666667,0.20967449999999999,0.055436,0.012400133155792277,2.93353,CC11CM57
2,C,13.636363636363637,0.12313900000000001,46.96969696969697,0.18180475000000001,0.09162769999999999,0.012400133155792277,2.01152,CC11CM57
3,D,1.5151515151515151,0.14741600000000002,68.18181818181819,0.2604115000000001,0.048049350000000005,0.013602183014976982,0.835784,CC11CM57
4,E,1.5151515151515151,0.204038,46.96969696969697,0.101917,0.06179835,0.01767227857366935,0.23098,CC11CM57
0,A,77.41935483870968,0.0612955,70.96774193548387,0.30304074999999997,0.06591285,0.010423890429958392,3.65504,CC11CM58
1,B,48.38709677419355,0.09013550000000001,70.96774193548387,0.17235475,0.071433825,0.010423890429958392,3.07566,CC11CM58
2,C,19.35483870967742,0.1079635,61.29032258064516,0.33681000000000005,0.081135325,0.014965986394557824,2.23437,CC11CM58
3,D,4.838709677419355,0.13855499999999998,63.70967741935484,0.29887275,0.048049350000000005,0.010423890429958392,0.8726809999999999,CC11CM58
4,E,1.6129032258064515,0.189996,49.193548387096776,0.103832,0.05715459999999999,0.010840108401084009,0.222493,CC11CM58
0,A,75.0,0.061868000000000006,70.83333333333333,0.1327935,0.07412215,0.0,3.71696,CC11CM59
1,B,48.611111111111114,0.068897,69.44444444444444,,0.054459525,0.0,3.20824,CC11CM59
2,C,33.333333333333336,0.122891,61.111111111111114,0.224242,0.0828243,0.0,2.30567,CC11CM59
3,D,5.555555555555555,0.134834,59.02777777777778,0.161107,0.065448875,0.006068541264002328,0.901721,CC11CM59
4,E,1.3888888888888888,0.189996,50.0,0.12144500000000001,0.0653868,0.0010546341866909301,0.238997,CC11CM59
0,A,61.224489795918366,0.068275,72.44897959183673,0.222194,0.057930899999999994,0.007384244831556819,3.48836,CC11CM60
1,B,36.734693877551024,0.119993,72.44897959183673,0.24699425000000003,0.0583619,0.007384244831556819,2.99539,CC11CM60
2,C,16.3265306122449,0.13231600000000002,54.08163265306123,0.23087900000000003,0.09179295,0.007384244831556819,2.10146,CC11CM60
3,D,6.122448979591836,0.14715250000000002,53.06122448979592,0.2571085,0.0728611,0.007384244831556819,0.837515,CC11CM60
4,E,0.0,0.21667600000000006,52.04081632653061,,0.06805502499999999,0.007384244831556819,0.216656,CC11CM60
0,A,67.85714285714286,0.09239800000000001,70.53571428571429,0.30304074999999997,0.06818569999999999,0.0,3.3926,CC11CM61
1,B,35.714285714285715,0.1025595,66.07142857142857,0.13085175,0.0517533,0.0,2.88405,CC11CM61
2,C,14.285714285714286,0.1192385,53.57142857142857,0.3758845,0.08779925,0.0,2.08524,CC11CM61
3,D,3.5714285714285716,0.1409665,69.64285714285714,0.3470965,0.0503247,0.0010037770993946292,0.8780110000000001,CC11CM61
4,E,0.0,0.19134299999999999,45.535714285714285,0.116563,0.0578194,0.0,0.213233,CC11CM61
0,A,73.6842105263158,0.067803,74.56140350877193,0.250022,0.057028175,0.0,3.36835,CC11CM62
1,B,38.59649122807018,0.097577,74.56140350877193,0.1266685,0.075603475,0.0,2.90073,CC11CM62
2,C,17.54385964912281,0.126795,63.1578947368421,0.25866100000000003,0.081011675,0.0,2.09449,CC11CM62
3,D,3.508771929824561,0.136714,67.54385964912281,0.1521585,0.0687481,0.0,0.84414,CC11CM62
4,E,1.7543859649122806,0.22058100000000003,42.10526315789474,0.101917,0.06646075000000001,0.0,0.205556,CC11CM62
0,A,74.50980392156863,0.071906,73.52941176470588,0.250022,0.09068727500000001,0.0008551881413911062,3.44681,CC11CM63
1,B,37.254901960784316,0.103152,73.52941176470588,0.22518325,0.071168825,0.0008551881413911062,2.90813,CC11CM63
2,C,13.72549019607843,0.13898500000000003,55.88235294117647,0.25005625000000004,0.0890997,0.0008551881413911062,2.00914,CC11CM63
3,D,1.9607843137254901,0.1470125,67.6470588235294,0.2259795,0.05019462499999999,0.0019160211985324086,0.7939890000000001,CC11CM63
4,E,0.0,0.17937,31.372549019607842,,0.0649863,0.0008551881413911062,0.218814,CC11CM63
0,A,72.58064516129032,0.06385,71.7741935483871,0.268681,0.04707085,0.0,3.61257,CC11CM64
1,B,53.225806451612904,0.084254,63.70967741935484,0.18688975000000002,0.056898950000000004,0.0,3.14042,CC11CM64
2,C,24.193548387096776,0.11277100000000001,54.83870967741935,0.404783,0.07046555,0.0,2.27313,CC11CM64
3,D,3.225806451612903,0.131491,66.93548387096774,0.260702,0.06773285000000001,0.007304475391966095,0.845327,CC11CM64
4,E,1.6129032258064515,0.127139,50.0,0.12193399999999999,0.055770349999999996,0.014060817393979795,0.252692,CC11CM64
0,A,61.40350877192982,0.0564245,67.54385964912281,0.138389,0.051,0.0,3.19885,CC11CM65
1,B,40.35087719298246,0.0886445,70.17543859649123,0.10437,0.041811275000000016,0.0,2.75523,CC11CM65
2,C,21.05263157894737,0.128631,64.03508771929825,0.1732,0.08455170000000001,0.0,2.02775,CC11CM65
3,D,1.7543859649122806,0.14361400000000002,69.29824561403508,0.1909185,0.0484584,0.0,0.796084,CC11CM65
4,E,1.7543859649122806,0.2203345,42.98245614035088,0.101917,0.0609513,0.0,0.195357,CC11CM65
0,A,75.38461538461539,0.0646485,69.23076923076923,0.222194,0.06284277500000002,0.0,3.53841,CC11CM66
1,B,56.92307692307692,0.098703,73.07692307692308,0.24699425000000003,0.05492957500000001,0.0,3.03979,CC11CM66
2,C,15.384615384615385,0.11277100000000001,54.61538461538461,0.25005625000000004,0.0878357,0.0,2.12802,CC11CM66
3,D,3.076923076923077,0.14811400000000002,63.84615384615385,0.3420315,0.0484584,0.0,0.81571,CC11CM66
4,E,1.5384615384615385,0.2132365,44.61538461538461,,0.06301949999999999,0.006909554245698362,0.235315,CC11CM66
0,A,79.36507936507937,0.049283,72.22222222222223,0.16637749999999998,0.05155455,0.0,3.60816,CC11CM67
1,B,53.96825396825397,0.09135900000000001,70.63492063492063,,0.04161845,0.0,3.06806,CC11CM67
2,C,22.22222222222222,0.102809,65.07936507936508,0.147533,0.07453305,0.0,2.1245700000000003,CC11CM67
3,D,1.5873015873015872,0.13487849999999998,59.523809523809526,0.23162225000000003,0.065448875,0.012798580751441423,0.8498629999999999,CC11CM67
4,E,1.5873015873015872,0.12630750000000002,45.23809523809524,,0.051714325,0.0,0.233249,CC11CM67
0,A,69.49152542372882,0.067494,74.57627118644068,0.138389,0.0446678,0.0,3.229,CC11CM68
1,B,38.983050847457626,0.09507099999999999,70.33898305084746,0.24281100000000003,0.07235165,0.0,2.75009,CC11CM68
2,C,25.423728813559322,0.119564,65.2542372881356,0.19295900000000002,0.0464313,0.0,2.03167,CC11CM68
3,D,5.084745762711864,0.140436,68.64406779661017,0.13631325,0.06398025,0.0,0.7914220000000001,CC11CM68
4,E,1.694915254237288,0.204602,42.3728813559322,0.101917,0.058154700000000004,0.0,0.199223,CC11CM68
0,A,76.27118644067797,0.06378249999999999,76.27118644067797,0.12246325,0.0440691,0.012061797464456191,3.4462300000000003,CC11CM69
1,B,47.45762711864407,0.099829,74.57627118644068,,0.04966487500000002,0.012061797464456191,2.86919,CC11CM69
2,C,20.338983050847457,0.111029,59.32203389830509,0.15359774999999998,0.05325119999999999,0.012061797464456191,2.08691,CC11CM69
3,D,5.084745762711864,0.144258,64.40677966101696,0.188788,0.05092010000000001,0.012061797464456191,0.834024,CC11CM69
4,E,1.694915254237288,0.197152,46.610169491525426,,0.0579438,0.045149526666737334,0.219133,CC11CM69
0,A,70.2127659574468,0.0808135,73.40425531914893,0.3058385,0.05028135,0.006587507299531806,3.3170300000000004,CC11CM70
1,B,42.5531914893617,0.091679,68.08510638297872,0.1266685,0.06406709999999999,0.006587507299531806,2.81253,CC11CM70
2,C,19.148936170212767,0.13058550000000002,59.57446808510638,0.33681000000000005,0.07010317499999999,0.006587507299531806,2.03201,CC11CM70
3,D,2.127659574468085,0.12415900000000002,59.57446808510638,0.131615,0.0691823,0.006587507299531806,0.764568,CC11CM70
4,E,0.0,0.204297,47.87234042553192,,0.06362580000000001,0.006587507299531806,0.212371,CC11CM70
0,A,74.46808510638297,0.092258,76.59574468085107,,0.05434332500000001,0.005851123912797921,3.25585,CC11CM71
1,B,46.808510638297875,0.099829,77.65957446808511,,0.047848550000000004,0.005851123912797921,2.7994,CC11CM71
2,C,14.893617021276595,0.119949,64.8936170212766,0.13598425,0.08203875000000001,0.005851123912797921,2.03133,CC11CM71
3,D,2.127659574468085,0.131726,70.2127659574468,0.19875825,0.0661154,0.005851123912797921,0.8359059999999999,CC11CM71
4,E,0.0,0.182,45.744680851063826,0.116563,0.0643395,0.016170076799306182,0.222289,CC11CM71
0,A,66.66666666666667,0.065899,73.14814814814815,0.231584,0.082178625,0.00655321960211834,3.4702900000000003,CC11CM72
1,B,38.888888888888886,0.09135900000000001,69.44444444444444,0.13085175,0.06822254999999999,0.00655321960211834,3.01876,CC11CM72
2,C,22.22222222222222,0.1058385,65.74074074074075,0.414959,0.0972053,0.00655321960211834,2.10544,CC11CM72
3,D,5.555555555555555,0.146922,65.74074074074075,0.33225825,0.06393950000000001,0.00655321960211834,0.828775,CC11CM72
4,E,0.0,0.1898415,49.074074074074076,0.11273275,0.0643395,0.006885819050055427,0.230112,CC11CM72
0,A,71.69811320754717,0.063715,70.75471698113208,0.134693,0.05739750000000001,0.0060836579655020795,3.50408,CC11CM73
1,B,50.943396226415096,0.083491,75.47169811320755,0.163099,0.05341030000000002,0.0060836579655020795,3.09714,CC11CM73
2,C,22.641509433962263,0.099755,73.58490566037736,0.24962250000000002,0.0710462,0.0060836579655020795,2.28044,CC11CM73
3,D,1.8867924528301887,0.122138,64.15094339622641,0.12504575,0.0459596,0.047734653676196566,0.867518,CC11CM73
4,E,1.8867924528301887,0.1514305,61.320754716981135,,0.055230774999999996,0.008744681941667947,0.253975,CC11CM73
0,A,72.0,0.08612,71.0,0.26178275,0.094818175,0.003781022054176798,3.33848,CC11CM74
1,B,42.0,0.12473900000000004,61.0,0.20967449999999999,0.08372195000000002,0.003781022054176798,2.78309,CC11CM74
2,C,26.0,0.10411300000000001,68.0,0.3196005,0.0828243,0.003781022054176798,2.10825,CC11CM74
3,D,4.0,0.152291,58.0,0.145642,0.053791099999999994,0.003781022054176798,0.8634620000000001,CC11CM74
4,E,2.0,0.14058299999999999,53.0,,0.049970200000000006,0.003781022054176798,0.233885,CC11CM74
0,A,70.3125,0.05316,74.21875,0.141983,0.07943510000000001,0.004661415411994297,3.5333900000000003,CC11CM75
1,B,39.0625,0.07585800000000001,65.625,0.13338850000000002,0.063921875,0.004661415411994297,3.06029,CC11CM75
2,C,18.75,0.10630400000000001,56.25,0.1544605,0.08768989999999999,0.004661415411994297,2.22499,CC11CM75
3,D,3.125,0.12984,64.84375,0.1457695,0.07147245,0.045081622349377314,0.8875549999999999,CC11CM75
4,E,0.0,0.125263,46.875,0.116563,0.05912445000000001,0.004661415411994297,0.256452,CC11CM75
0,A,75.0,0.072474,70.0,0.3058385,0.06922729999999999,0.0,3.44911,CC11CM76
1,B,48.333333333333336,0.085214,71.66666666666667,0.17235475,0.08123910000000001,0.0,2.9781,CC11CM76
2,C,26.666666666666668,0.116287,60.833333333333336,0.33681000000000005,0.07627515000000001,0.0,2.2241,CC11CM76
3,D,3.3333333333333335,0.1365555,61.666666666666664,0.140705,0.0687481,0.0,0.852784,CC11CM76
4,E,1.6666666666666667,0.17666600000000002,50.0,0.11173499999999999,0.05162755000000001,0.0,0.225558,CC11CM76
0,A,76.81159420289855,0.056242,81.8840579710145,0.16637749999999998,0.066026225,0.0,3.7473,CC11CM77
1,B,42.028985507246375,0.07108249999999999,72.46376811594203,0.284314,0.074493425,0.0,3.21382,CC11CM77
2,C,20.28985507246377,0.13889400000000002,62.31884057971015,0.20145000000000002,0.05563490000000002,0.0,2.2688900000000003,CC11CM77
3,D,2.898550724637681,0.14688900000000002,60.14492753623188,0.2258355,0.0611232,0.0,0.8728229999999999,CC11CM77
4,E,1.4492753623188406,0.164566,50.72463768115942,,0.05681995,0.0033210332103321034,0.23557600000000006,CC11CM77
0,A,73.01587301587301,0.06385,72.22222222222223,0.222194,0.0648408,0.013326596349396829,3.3867199999999995,CC11CM78
1,B,46.03174603174603,0.09013550000000001,65.07936507936508,0.20967449999999999,0.055212425,0.013326596349396829,2.85676,CC11CM78
2,C,20.634920634920636,0.116094,57.93650793650794,0.25866100000000003,0.06785934999999998,0.013326596349396829,2.08515,CC11CM78
3,D,3.1746031746031744,0.130732,67.46031746031746,0.13023475,0.06567105000000001,0.05335492624852278,0.758957,CC11CM78
4,E,1.5873015873015872,0.21769550000000004,47.61904761904762,,0.0578194,0.013326596349396829,0.206549,CC11CM78
0,A,67.6923076923077,0.063715,74.61538461538461,0.175707,0.049725874999999996,0.0,3.34492,CC11CM79
1,B,46.15384615384615,0.104432,72.3076923076923,0.24281100000000003,0.06190295,0.0,2.88437,CC11CM79
2,C,20.0,0.128623,57.69230769230769,0.15273499999999998,0.06903327499999999,0.0,2.00095,CC11CM79
3,D,4.615384615384615,0.1455815,60.76923076923077,0.204457,0.090526,0.0,0.800879,CC11CM79
4,E,0.0,0.17937,44.61538461538461,0.101917,0.06484519999999999,0.000174927713694782,0.222441,CC11CM79
0,A,76.19047619047619,0.057797,69.84126984126983,0.315168,0.05739750000000001,0.0,3.68812,CC11CM80
1,B,57.142857142857146,0.095206,65.87301587301587,0.13085175,0.06121449999999999,0.0,3.20655,CC11CM80
2,C,23.80952380952381,0.09480849999999999,51.58730158730159,0.23154550000000002,0.10423107499999999,0.0,2.31617,CC11CM80
3,D,3.1746031746031744,0.132848,69.04761904761905,0.30080799999999996,0.0531411,0.0,0.8861389999999999,CC11CM80
4,E,1.5873015873015872,0.143909,52.38095238095238,0.101917,0.0562798,0.002502913310026853,0.247006,CC11CM80
0,A,66.66666666666667,0.0630735,72.5,0.268681,0.061475199999999994,0.0010934099060893737,3.58239,CC11CM81
1,B,43.333333333333336,0.10594700000000001,60.833333333333336,0.142237,0.0636454,0.0010934099060893737,3.05388,CC11CM81
2,C,16.666666666666668,0.12631900000000001,53.333333333333336,0.29773550000000004,0.0651027,0.0010934099060893737,2.21057,CC11CM81
3,D,5.0,0.130492,63.333333333333336,0.187505,0.051811224999999995,0.007486785001748287,0.885441,CC11CM81
4,E,1.6666666666666667,0.14103800000000002,51.666666666666664,,0.058294725,0.0010934099060893737,0.246507,CC11CM81
0,A,68.85245901639344,0.05316,74.59016393442623,0.15704800000000002,0.0824056,0.0,3.39184,CC11CM82
1,B,39.34426229508197,0.11206500000000001,67.21311475409836,0.201401,0.07936130000000001,0.0,2.92102,CC11CM82
2,C,16.39344262295082,0.128631,63.114754098360656,0.144783,0.05673402500000001,0.0,2.14316,CC11CM82
3,D,3.278688524590164,0.144742,63.9344262295082,0.162669,0.04832204999999999,0.0,0.855826,CC11CM82
4,E,1.639344262295082,0.150309,51.63934426229508,,0.06264905,0.0,0.250204,CC11CM82
0,A,66.66666666666667,0.055708499999999994,78.33333333333333,0.30304074999999997,0.0793992,0.0,3.74095,CC11CM83
1,B,36.666666666666664,0.0942485,69.16666666666667,0.18688975000000002,0.08220825000000001,0.0,3.19831,CC11CM83
2,C,11.666666666666666,0.111267,52.5,0.18180475000000001,0.08973690000000001,0.0005448381628864315,2.26589,CC11CM83
3,D,3.3333333333333335,0.1343895,63.333333333333336,0.22179900000000002,0.06091100000000001,0.0016160636729087125,0.90532,CC11CM83
4,E,0.0,0.15878350000000002,51.666666666666664,0.101917,0.0656408,0.00024207702083879688,0.246158,CC11CM83
0,A,70.96774193548387,0.0559505,70.16129032258064,0.222194,0.0797913,0.006240585323864859,3.67484,CC11CM84
1,B,51.61290322580645,0.0962575,66.93548387096774,0.20967449999999999,0.053784275000000006,0.006240585323864859,3.15016,CC11CM84
2,C,22.580645161290324,0.11700650000000001,59.67741935483871,0.25866100000000003,0.08093215000000001,0.006240585323864859,2.2517400000000003,CC11CM84
3,D,6.451612903225806,0.13577050000000002,66.12903225806451,0.165122,0.06808992500000001,0.04456606724003128,0.890071,CC11CM84
4,E,1.6129032258064515,0.151227,50.0,,0.055463950000000005,0.022210563133962927,0.235221,CC11CM84
0,A,73.77049180327869,0.07621649999999999,72.1311475409836,0.15704800000000002,0.05782074999999999,0.0,3.60144,CC11CM85
1,B,45.90163934426229,0.096317,63.9344262295082,0.284314,0.075603475,0.0,3.04467,CC11CM85
2,C,14.754098360655737,0.10537700000000001,66.39344262295081,0.163806,0.09162769999999999,0.0,2.17792,CC11CM85
3,D,3.278688524590164,0.127625,58.19672131147541,0.2325795,0.059126075000000014,0.0,0.901595,CC11CM85
4,E,1.639344262295082,0.15313500000000002,43.442622950819676,0.11948650000000001,0.05715459999999999,0.0,0.236887,CC11CM85
0,A,75.92592592592592,0.069879,67.5925925925926,0.33172925,0.06031855,0.0,3.61511,CC11CM86
1,B,44.44444444444444,0.0947665,59.25925925925926,0.16302999999999998,0.08310645,0.0,3.09895,CC11CM86
2,C,11.11111111111111,0.101935,52.77777777777778,0.29773550000000004,0.05919035,0.0,2.23395,CC11CM86
3,D,1.8518518518518519,0.130492,67.5925925925926,0.2308510000000001,0.07964550000000001,0.0,0.848326,CC11CM86
4,E,0.0,0.1162055,44.44444444444444,0.116563,0.05790024999999999,0.003648404206395438,0.265831,CC11CM86
0,A,68.62745098039215,0.048151,67.6470588235294,0.16357975,0.058816974999999994,0.0,3.3408900000000004,CC11CM87
1,B,49.01960784313726,0.1035015,64.70588235294117,0.24281100000000003,0.06097557500000001,0.0,2.84996,CC11CM87
2,C,23.529411764705884,0.126795,51.96078431372549,0.224242,0.08252032499999999,0.0,1.99056,CC11CM87
3,D,1.9607843137254901,0.1458215,63.72549019607843,0.397389,0.06889289999999999,0.0,0.782048,CC11CM87
4,E,1.9607843137254901,0.127749,41.1764705882353,0.11633800000000001,0.06324682499999999,0.009816149297856614,0.234198,CC11CM87
0,A,68.33333333333333,0.059324,65.0,0.361655,0.05885415000000001,0.0007515004272228456,3.5236300000000003,CC11CM88
1,B,38.333333333333336,0.086454,62.5,0.135035,0.065444,0.0007515004272228456,3.05189,CC11CM88
2,C,26.666666666666668,0.092852,69.16666666666667,0.2855725,0.060994700000000006,0.0007515004272228456,2.23792,CC11CM88
3,D,3.3333333333333335,0.1259855,63.333333333333336,0.18717725000000002,0.090880075,0.0007515004272228456,0.8630059999999999,CC11CM88
4,E,1.6666666666666667,0.15676500000000002,43.333333333333336,0.101917,0.0526383,0.01430494256111685,0.228426,CC11CM88
0,A,72.58064516129032,0.034814,65.3225806451613,,0.051404475000000005,0.0,3.53191,CC11CM89
1,B,50.0,0.072052,63.70967741935484,0.18368025,0.052204600000000004,0.0,3.00305,CC11CM89
2,C,20.967741935483872,0.09275800000000001,64.51612903225806,0.1483875,0.07193625,0.0,2.1741,CC11CM89
3,D,4.838709677419355,0.12959500000000002,73.38709677419355,0.23191375,0.061782875,0.0,0.912826,CC11CM89
4,E,0.0,0.1508525,53.225806451612904,,0.063123825,0.0,0.252533,CC11CM89
0,A,75.0,0.0793005,79.16666666666667,0.13030049999999999,0.07149945,0.0,3.43278,CC11CM90
1,B,45.833333333333336,0.1021305,80.20833333333333,0.284314,0.05359465,0.0,2.9684,CC11CM90
2,C,14.583333333333334,0.128631,71.875,0.69503425,0.0459049,0.0,2.17137,CC11CM90
3,D,8.333333333333334,0.129332,68.75,0.28991425,0.06024587500000001,0.0,0.830406,CC11CM90
4,E,2.0833333333333335,0.23036399999999999,48.958333333333336,0.11633800000000001,0.06587699999999999,0.0,0.218342,CC11CM90
0,A,74.57627118644068,0.049283,74.57627118644068,0.127198,0.04580455,0.0,3.67125,CC11CM91
1,B,59.32203389830509,0.07327600000000001,73.72881355932203,,0.04965242500000001,0.0,3.1934,CC11CM91
2,C,27.11864406779661,0.123698,62.71186440677966,0.23284675,0.06620100000000001,0.0,2.37348,CC11CM91
3,D,6.779661016949152,0.129647,72.88135593220339,0.20580425,0.06307995000000001,0.0,0.919426,CC11CM91
4,E,1.694915254237288,0.1606975,47.45762711864407,,0.060610625,0.03215910066077405,0.241761,CC11CM91
0,A,71.69811320754717,0.093214,70.75471698113208,0.250022,0.085601325,0.008444974110298348,3.58185,CC11CM92
1,B,35.84905660377358,0.10594700000000001,59.43396226415094,0.149067,0.0734079,0.008444974110298348,3.10255,CC11CM92
2,C,18.867924528301888,0.128615,50.0,0.2074235,0.0972053,0.008444974110298348,2.12425,CC11CM92
3,D,1.8867924528301887,0.1302625,61.320754716981135,0.168843,0.0575342,0.010937628738568015,0.856511,CC11CM92
4,E,0.0,0.17666600000000002,47.16981132075472,0.101917,0.0571118,0.021680978402289882,0.24259,CC11CM92
0,A,77.04918032786885,0.06378249999999999,72.1311475409836,0.274941,0.05438997500000001,0.0,3.5085,CC11CM93
1,B,49.18032786885246,0.09864400000000001,66.39344262295081,0.20967449999999999,0.07467445,0.0,2.95661,CC11CM93
2,C,16.39344262295082,0.128234,46.721311475409834,0.25005625000000004,0.0864735,0.0,2.07255,CC11CM93
3,D,0.0,0.14843900000000002,66.39344262295081,0.137899,0.06743175000000001,0.0,0.796067,CC11CM93
4,E,0.0,0.12870499999999999,42.622950819672134,0.118687,0.058191849999999996,0.008290003967508196,0.243244,CC11CM93
0,A,75.47169811320755,0.079385,67.9245283018868,0.242743,0.06987405000000002,0.018440963465142644,3.32634,CC11CM94
1,B,49.056603773584904,0.099829,71.69811320754717,0.13085175,0.054443074999999994,0.018440963465142644,2.82361,CC11CM94
2,C,22.641509433962263,0.104898,58.490566037735846,0.22087925,0.081524475,0.018440963465142644,2.02773,CC11CM94
3,D,3.7735849056603774,0.13003299999999998,62.264150943396224,0.14157949999999997,0.07618464999999999,0.0259302854079504,0.807319,CC11CM94
4,E,1.8867924528301887,0.1913935,43.39622641509434,0.125343,0.0573601,0.018440963465142644,0.233531,CC11CM94
0,A,78.68852459016394,0.079385,66.39344262295081,0.19420550000000003,0.0948248,0.0,3.58441,CC11CM95
1,B,50.81967213114754,0.096947,68.0327868852459,0.135035,0.05141419999999999,0.0,3.06252,CC11CM95
2,C,22.950819672131146,0.104898,57.377049180327866,0.15273499999999998,0.0878357,0.0,2.19163,CC11CM95
3,D,6.557377049180328,0.14741600000000002,70.49180327868852,0.14157949999999997,0.047446875,0.0,0.862281,CC11CM95
4,E,0.0,0.189996,43.442622950819676,,0.05930155,0.02285824460678249,0.222816,CC11CM95
0,A,76.0,0.060619,71.0,0.13474950000000002,0.05612545000000001,0.0,3.3812,CC11CM96
1,B,44.0,0.10927,75.0,0.20130800000000001,0.060728375000000015,0.0,2.88374,CC11CM96
2,C,28.0,0.1357485,68.0,0.224242,0.08768989999999999,0.0,2.14516,CC11CM96
3,D,8.0,0.1306175,69.0,0.1114265,0.0485298,0.0,0.814693,CC11CM96
4,E,2.0,0.17846199999999998,56.0,0.12144500000000001,0.06482969999999999,0.0,0.233362,CC11CM96
0,A,78.94736842105263,0.09278900000000001,71.05263157894737,0.138389,0.0504599,0.001490280777537797,3.44555,CC11CM97
1,B,52.63157894736842,0.09864400000000001,71.9298245614035,0.284314,0.055054375,0.001490280777537797,2.98022,CC11CM97
2,C,15.789473684210526,0.1080825,61.40350877192982,0.160274,0.06621015000000001,0.001490280777537797,2.0640400000000003,CC11CM97
3,D,1.7543859649122806,0.130847,69.29824561403508,0.157178,0.06518655,0.001490280777537797,0.8384450000000001,CC11CM97
4,E,0.0,0.182,43.85964912280702,0.118687,0.063123825,0.001490280777537797,0.226027,CC11CM97
0,A,75.80645161290323,0.063715,73.38709677419355,0.138389,0.05612545000000001,0.0021153846153846158,3.51187,CC11CM98
1,B,50.0,0.109365,75.0,,0.04545067500000002,0.0021153846153846158,2.98202,CC11CM98
2,C,22.580645161290324,0.12823800000000002,59.67741935483871,0.15359774999999998,0.06706137499999999,0.0021153846153846158,2.14962,CC11CM98
3,D,3.225806451612903,0.1449835,67.74193548387096,0.127096,0.0559188,0.0021153846153846158,0.8792559999999999,CC11CM98
4,E,0.0,0.1834055,45.96774193548387,,0.06114164999999999,0.009546770565379772,0.232795,CC11CM98
0,A,80.35714285714286,0.089153,71.42857142857143,0.138389,0.057028175,0.0,3.43827,CC11CM99
1,B,46.42857142857143,0.09928100000000001,65.17857142857143,0.179944,0.0666495,0.0,2.95101,CC11CM99
2,C,16.071428571428573,0.128855,61.607142857142854,0.14503425,0.07057327499999999,0.0,2.07351,CC11CM99
3,D,1.7857142857142858,0.130492,69.64285714285714,0.1667455,0.06704965,0.0,0.854282,CC11CM99
4,E,0.0,0.12030750000000001,38.392857142857146,,0.05715459999999999,0.0,0.240882,CC11CM99
